device,batch_size,total_step_time_ms,ms_per_batch_step,ms_per_fly_per_step,batch_steps_per_second,effective_brain_steps_per_second,realtime_50hz_equivalents,VRAM_used_MB,VRAM_delta_MB,GPU_utilization_percent,CPU_core_equivalents,spikes_per_step,repeat_count,steps_per_repeat
cuda,1,1931.0271989998,1.9310271989998,1.9310271989998,517.8590961939649,517.8590961939649,10.357181923879297,359.0,208.0,58.80952380952381,1.0034128441560146,13143.408,3,1000
cuda,2,4281.202816999212,4.281202816999212,2.140601408499606,233.5792165765512,467.1584331531024,9.343168663062048,373.0,220.0,50.84782608695652,1.0043036024081546,26101.459,3,1000
cuda,4,7789.819172001444,7.789819172001444,1.947454793000361,128.3726846438554,513.4907385754216,10.26981477150843,387.0,222.0,48.857142857142854,1.0037706185862412,51447.25,3,1000
cuda,8,25415.4240020016,25.4154240020016,3.1769280002502,39.34618599796897,314.7694879837518,6.295389759675036,401.0,236.0,66.64944649446494,1.0046254327301636,104119.907,3,1000
cuda,16,79660.48454700103,79.66048454700103,4.978780284187565,12.553275387246522,200.85240619594435,4.017048123918887,435.0,270.0,77.84235294117647,1.0042496408969144,207849.102,3,1000
cuda,32,162058.80003200035,162.05880003200033,5.0643375010000105,6.170599805765183,197.45919378448585,3.949183875689717,495.0,330.0,76.64570109636469,1.0038059990958155,415061.496,3,1000
cuda,64,344017.67443599965,344.01767443599965,5.375276163062495,2.9068273937943787,186.03695320284024,3.7207390640568048,695.0,695.0,71.85067252264616,1.0049580320242064,832337.051,3,1000
cpu,1,9714.271701001053,9.714271701001053,9.714271701001053,102.94132496797987,102.94132496797987,2.0588264993595975,,,,7.315266567299846,12926.662,3,1000
cpu,4,41603.99950700048,41.60399950700048,10.40099987675012,24.03615065498055,96.1446026199222,1.9228920523984439,,,,6.5902041450093165,51476.466,3,1000
